clusters,cost,investment,lole_full_h,eens_full_mwh
1095,512.4353333241284,647.2268940770473,336.0,25.710278668900138
